<application>
  <component name="ProjectJdkTable">
    <jdk version="2">
      <name value="14" />
      <type value="JavaSDK" />
      <version value="java version &quot;14.0.2&quot;" />
      <homePath value="C:/Java/jdk14" />
      <roots>
        <annotationsPath>
          <root type="composite">
            <root url="jar://$APPLICATION_HOME_DIR$/plugins/java/lib/jdkAnnotations.jar!/" type="simple" />
          </root>
        </annotationsPath>
        <classPath>
          <root type="composite">
            <root url="jrt://C:/java/jdk14!/java.base" type="simple" />
            <root url="jrt://C:/java/jdk14!/java.compiler" type="simple" />
            <root url="jrt://C:/java/jdk14!/java.datatransfer" type="simple" />
            <root url="jrt://C:/java/jdk14!/java.desktop" type="simple" />
            <root url="jrt://C:/java/jdk14!/java.instrument" type="simple" />
            <root url="jrt://C:/java/jdk14!/java.logging" type="simple" />
            <root url="jrt://C:/java/jdk14!/java.management" type="simple" />
            <root url="jrt://C:/java/jdk14!/java.management.rmi" type="simple" />
            <root url="jrt://C:/java/jdk14!/java.naming" type="simple" />
            <root url="jrt://C:/java/jdk14!/java.net.http" type="simple" />
            <root url="jrt://C:/java/jdk14!/java.prefs" type="simple" />
            <root url="jrt://C:/java/jdk14!/java.rmi" type="simple" />
            <root url="jrt://C:/java/jdk14!/java.scripting" type="simple" />
            <root url="jrt://C:/java/jdk14!/java.se" type="simple" />
            <root url="jrt://C:/java/jdk14!/java.security.jgss" type="simple" />
            <root url="jrt://C:/java/jdk14!/java.security.sasl" type="simple" />
            <root url="jrt://C:/java/jdk14!/java.smartcardio" type="simple" />
            <root url="jrt://C:/java/jdk14!/java.sql" type="simple" />
            <root url="jrt://C:/java/jdk14!/java.sql.rowset" type="simple" />
            <root url="jrt://C:/java/jdk14!/java.transaction.xa" type="simple" />
            <root url="jrt://C:/java/jdk14!/java.xml" type="simple" />
            <root url="jrt://C:/java/jdk14!/java.xml.crypto" type="simple" />
            <root url="jrt://C:/java/jdk14!/jdk.accessibility" type="simple" />
            <root url="jrt://C:/java/jdk14!/jdk.aot" type="simple" />
            <root url="jrt://C:/java/jdk14!/jdk.attach" type="simple" />
            <root url="jrt://C:/java/jdk14!/jdk.charsets" type="simple" />
            <root url="jrt://C:/java/jdk14!/jdk.compiler" type="simple" />
            <root url="jrt://C:/java/jdk14!/jdk.crypto.cryptoki" type="simple" />
            <root url="jrt://C:/java/jdk14!/jdk.crypto.ec" type="simple" />
            <root url="jrt://C:/java/jdk14!/jdk.crypto.mscapi" type="simple" />
            <root url="jrt://C:/java/jdk14!/jdk.dynalink" type="simple" />
            <root url="jrt://C:/java/jdk14!/jdk.editpad" type="simple" />
            <root url="jrt://C:/java/jdk14!/jdk.hotspot.agent" type="simple" />
            <root url="jrt://C:/java/jdk14!/jdk.httpserver" type="simple" />
            <root url="jrt://C:/java/jdk14!/jdk.incubator.foreign" type="simple" />
            <root url="jrt://C:/java/jdk14!/jdk.incubator.jpackage" type="simple" />
            <root url="jrt://C:/java/jdk14!/jdk.internal.ed" type="simple" />
            <root url="jrt://C:/java/jdk14!/jdk.internal.jvmstat" type="simple" />
            <root url="jrt://C:/java/jdk14!/jdk.internal.le" type="simple" />
            <root url="jrt://C:/java/jdk14!/jdk.internal.opt" type="simple" />
            <root url="jrt://C:/java/jdk14!/jdk.internal.vm.ci" type="simple" />
            <root url="jrt://C:/java/jdk14!/jdk.internal.vm.compiler" type="simple" />
            <root url="jrt://C:/java/jdk14!/jdk.internal.vm.compiler.management" type="simple" />
            <root url="jrt://C:/java/jdk14!/jdk.jartool" type="simple" />
            <root url="jrt://C:/java/jdk14!/jdk.javadoc" type="simple" />
            <root url="jrt://C:/java/jdk14!/jdk.jcmd" type="simple" />
            <root url="jrt://C:/java/jdk14!/jdk.jconsole" type="simple" />
            <root url="jrt://C:/java/jdk14!/jdk.jdeps" type="simple" />
            <root url="jrt://C:/java/jdk14!/jdk.jdi" type="simple" />
            <root url="jrt://C:/java/jdk14!/jdk.jdwp.agent" type="simple" />
            <root url="jrt://C:/java/jdk14!/jdk.jfr" type="simple" />
            <root url="jrt://C:/java/jdk14!/jdk.jlink" type="simple" />
            <root url="jrt://C:/java/jdk14!/jdk.jshell" type="simple" />
            <root url="jrt://C:/java/jdk14!/jdk.jsobject" type="simple" />
            <root url="jrt://C:/java/jdk14!/jdk.jstatd" type="simple" />
            <root url="jrt://C:/java/jdk14!/jdk.localedata" type="simple" />
            <root url="jrt://C:/java/jdk14!/jdk.management" type="simple" />
            <root url="jrt://C:/java/jdk14!/jdk.management.agent" type="simple" />
            <root url="jrt://C:/java/jdk14!/jdk.management.jfr" type="simple" />
            <root url="jrt://C:/java/jdk14!/jdk.naming.dns" type="simple" />
            <root url="jrt://C:/java/jdk14!/jdk.naming.rmi" type="simple" />
            <root url="jrt://C:/java/jdk14!/jdk.net" type="simple" />
            <root url="jrt://C:/java/jdk14!/jdk.nio.mapmode" type="simple" />
            <root url="jrt://C:/java/jdk14!/jdk.rmic" type="simple" />
            <root url="jrt://C:/java/jdk14!/jdk.scripting.nashorn" type="simple" />
            <root url="jrt://C:/java/jdk14!/jdk.scripting.nashorn.shell" type="simple" />
            <root url="jrt://C:/java/jdk14!/jdk.sctp" type="simple" />
            <root url="jrt://C:/java/jdk14!/jdk.security.auth" type="simple" />
            <root url="jrt://C:/java/jdk14!/jdk.security.jgss" type="simple" />
            <root url="jrt://C:/java/jdk14!/jdk.unsupported" type="simple" />
            <root url="jrt://C:/java/jdk14!/jdk.unsupported.desktop" type="simple" />
            <root url="jrt://C:/java/jdk14!/jdk.xml.dom" type="simple" />
            <root url="jrt://C:/java/jdk14!/jdk.zipfs" type="simple" />
          </root>
        </classPath>
        <javadocPath>
          <root type="composite" />
        </javadocPath>
        <sourcePath>
          <root type="composite">
            <root url="jar://C:/java/jdk14/lib/src.zip!/java.se" type="simple" />
            <root url="jar://C:/java/jdk14/lib/src.zip!/jdk.aot" type="simple" />
            <root url="jar://C:/java/jdk14/lib/src.zip!/jdk.jdi" type="simple" />
            <root url="jar://C:/java/jdk14/lib/src.zip!/jdk.jfr" type="simple" />
            <root url="jar://C:/java/jdk14/lib/src.zip!/jdk.net" type="simple" />
            <root url="jar://C:/java/jdk14/lib/src.zip!/java.rmi" type="simple" />
            <root url="jar://C:/java/jdk14/lib/src.zip!/java.sql" type="simple" />
            <root url="jar://C:/java/jdk14/lib/src.zip!/java.xml" type="simple" />
            <root url="jar://C:/java/jdk14/lib/src.zip!/jdk.jcmd" type="simple" />
            <root url="jar://C:/java/jdk14/lib/src.zip!/jdk.rmic" type="simple" />
            <root url="jar://C:/java/jdk14/lib/src.zip!/jdk.sctp" type="simple" />
            <root url="jar://C:/java/jdk14/lib/src.zip!/java.base" type="simple" />
            <root url="jar://C:/java/jdk14/lib/src.zip!/jdk.jdeps" type="simple" />
            <root url="jar://C:/java/jdk14/lib/src.zip!/jdk.jlink" type="simple" />
            <root url="jar://C:/java/jdk14/lib/src.zip!/jdk.zipfs" type="simple" />
            <root url="jar://C:/java/jdk14/lib/src.zip!/java.prefs" type="simple" />
            <root url="jar://C:/java/jdk14/lib/src.zip!/jdk.attach" type="simple" />
            <root url="jar://C:/java/jdk14/lib/src.zip!/jdk.jshell" type="simple" />
            <root url="jar://C:/java/jdk14/lib/src.zip!/jdk.jstatd" type="simple" />
            <root url="jar://C:/java/jdk14/lib/src.zip!/java.naming" type="simple" />
            <root url="jar://C:/java/jdk14/lib/src.zip!/jdk.editpad" type="simple" />
            <root url="jar://C:/java/jdk14/lib/src.zip!/jdk.jartool" type="simple" />
            <root url="jar://C:/java/jdk14/lib/src.zip!/jdk.javadoc" type="simple" />
            <root url="jar://C:/java/jdk14/lib/src.zip!/jdk.xml.dom" type="simple" />
            <root url="jar://C:/java/jdk14/lib/src.zip!/java.desktop" type="simple" />
            <root url="jar://C:/java/jdk14/lib/src.zip!/java.logging" type="simple" />
            <root url="jar://C:/java/jdk14/lib/src.zip!/jdk.charsets" type="simple" />
            <root url="jar://C:/java/jdk14/lib/src.zip!/jdk.compiler" type="simple" />
            <root url="jar://C:/java/jdk14/lib/src.zip!/jdk.dynalink" type="simple" />
            <root url="jar://C:/java/jdk14/lib/src.zip!/jdk.jconsole" type="simple" />
            <root url="jar://C:/java/jdk14/lib/src.zip!/jdk.jsobject" type="simple" />
            <root url="jar://C:/java/jdk14/lib/src.zip!/java.compiler" type="simple" />
            <root url="jar://C:/java/jdk14/lib/src.zip!/java.net.http" type="simple" />
            <root url="jar://C:/java/jdk14/lib/src.zip!/jdk.crypto.ec" type="simple" />
            <root url="jar://C:/java/jdk14/lib/src.zip!/java.scripting" type="simple" />
            <root url="jar://C:/java/jdk14/lib/src.zip!/jdk.httpserver" type="simple" />
            <root url="jar://C:/java/jdk14/lib/src.zip!/jdk.jdwp.agent" type="simple" />
            <root url="jar://C:/java/jdk14/lib/src.zip!/jdk.localedata" type="simple" />
            <root url="jar://C:/java/jdk14/lib/src.zip!/jdk.management" type="simple" />
            <root url="jar://C:/java/jdk14/lib/src.zip!/jdk.naming.dns" type="simple" />
            <root url="jar://C:/java/jdk14/lib/src.zip!/jdk.naming.rmi" type="simple" />
            <root url="jar://C:/java/jdk14/lib/src.zip!/java.instrument" type="simple" />
            <root url="jar://C:/java/jdk14/lib/src.zip!/java.management" type="simple" />
            <root url="jar://C:/java/jdk14/lib/src.zip!/java.sql.rowset" type="simple" />
            <root url="jar://C:/java/jdk14/lib/src.zip!/java.xml.crypto" type="simple" />
            <root url="jar://C:/java/jdk14/lib/src.zip!/jdk.internal.ed" type="simple" />
            <root url="jar://C:/java/jdk14/lib/src.zip!/jdk.internal.le" type="simple" />
            <root url="jar://C:/java/jdk14/lib/src.zip!/jdk.nio.mapmode" type="simple" />
            <root url="jar://C:/java/jdk14/lib/src.zip!/jdk.unsupported" type="simple" />
            <root url="jar://C:/java/jdk14/lib/src.zip!/java.smartcardio" type="simple" />
            <root url="jar://C:/java/jdk14/lib/src.zip!/jdk.internal.opt" type="simple" />
            <root url="jar://C:/java/jdk14/lib/src.zip!/java.datatransfer" type="simple" />
            <root url="jar://C:/java/jdk14/lib/src.zip!/jdk.accessibility" type="simple" />
            <root url="jar://C:/java/jdk14/lib/src.zip!/jdk.crypto.mscapi" type="simple" />
            <root url="jar://C:/java/jdk14/lib/src.zip!/jdk.hotspot.agent" type="simple" />
            <root url="jar://C:/java/jdk14/lib/src.zip!/jdk.security.auth" type="simple" />
            <root url="jar://C:/java/jdk14/lib/src.zip!/jdk.security.jgss" type="simple" />
            <root url="jar://C:/java/jdk14/lib/src.zip!/java.security.jgss" type="simple" />
            <root url="jar://C:/java/jdk14/lib/src.zip!/java.security.sasl" type="simple" />
            <root url="jar://C:/java/jdk14/lib/src.zip!/jdk.internal.vm.ci" type="simple" />
            <root url="jar://C:/java/jdk14/lib/src.zip!/jdk.management.jfr" type="simple" />
            <root url="jar://C:/java/jdk14/lib/src.zip!/java.management.rmi" type="simple" />
            <root url="jar://C:/java/jdk14/lib/src.zip!/java.transaction.xa" type="simple" />
            <root url="jar://C:/java/jdk14/lib/src.zip!/jdk.crypto.cryptoki" type="simple" />
            <root url="jar://C:/java/jdk14/lib/src.zip!/jdk.internal.jvmstat" type="simple" />
            <root url="jar://C:/java/jdk14/lib/src.zip!/jdk.management.agent" type="simple" />
            <root url="jar://C:/java/jdk14/lib/src.zip!/jdk.incubator.foreign" type="simple" />
            <root url="jar://C:/java/jdk14/lib/src.zip!/jdk.scripting.nashorn" type="simple" />
            <root url="jar://C:/java/jdk14/lib/src.zip!/jdk.incubator.jpackage" type="simple" />
            <root url="jar://C:/java/jdk14/lib/src.zip!/jdk.unsupported.desktop" type="simple" />
            <root url="jar://C:/java/jdk14/lib/src.zip!/jdk.internal.vm.compiler" type="simple" />
            <root url="jar://C:/java/jdk14/lib/src.zip!/jdk.scripting.nashorn.shell" type="simple" />
            <root url="jar://C:/java/jdk14/lib/src.zip!/jdk.internal.vm.compiler.management" type="simple" />
          </root>
        </sourcePath>
      </roots>
      <additional />
    </jdk>
    <jdk version="2">
      <name value="14 (2)" />
      <type value="JavaSDK" />
      <version value="version 14.0.2" />
      <homePath value="C:/java/jdk14" />
      <roots>
        <annotationsPath>
          <root type="composite">
            <root url="jar://$APPLICATION_HOME_DIR$/plugins/java/lib/jdkAnnotations.jar!/" type="simple" />
          </root>
        </annotationsPath>
        <classPath>
          <root type="composite">
            <root url="jrt://C:/java/jdk14!/java.base" type="simple" />
            <root url="jrt://C:/java/jdk14!/java.compiler" type="simple" />
            <root url="jrt://C:/java/jdk14!/java.datatransfer" type="simple" />
            <root url="jrt://C:/java/jdk14!/java.desktop" type="simple" />
            <root url="jrt://C:/java/jdk14!/java.instrument" type="simple" />
            <root url="jrt://C:/java/jdk14!/java.logging" type="simple" />
            <root url="jrt://C:/java/jdk14!/java.management" type="simple" />
            <root url="jrt://C:/java/jdk14!/java.management.rmi" type="simple" />
            <root url="jrt://C:/java/jdk14!/java.naming" type="simple" />
            <root url="jrt://C:/java/jdk14!/java.net.http" type="simple" />
            <root url="jrt://C:/java/jdk14!/java.prefs" type="simple" />
            <root url="jrt://C:/java/jdk14!/java.rmi" type="simple" />
            <root url="jrt://C:/java/jdk14!/java.scripting" type="simple" />
            <root url="jrt://C:/java/jdk14!/java.se" type="simple" />
            <root url="jrt://C:/java/jdk14!/java.security.jgss" type="simple" />
            <root url="jrt://C:/java/jdk14!/java.security.sasl" type="simple" />
            <root url="jrt://C:/java/jdk14!/java.smartcardio" type="simple" />
            <root url="jrt://C:/java/jdk14!/java.sql" type="simple" />
            <root url="jrt://C:/java/jdk14!/java.sql.rowset" type="simple" />
            <root url="jrt://C:/java/jdk14!/java.transaction.xa" type="simple" />
            <root url="jrt://C:/java/jdk14!/java.xml" type="simple" />
            <root url="jrt://C:/java/jdk14!/java.xml.crypto" type="simple" />
            <root url="jrt://C:/java/jdk14!/jdk.accessibility" type="simple" />
            <root url="jrt://C:/java/jdk14!/jdk.aot" type="simple" />
            <root url="jrt://C:/java/jdk14!/jdk.attach" type="simple" />
            <root url="jrt://C:/java/jdk14!/jdk.charsets" type="simple" />
            <root url="jrt://C:/java/jdk14!/jdk.compiler" type="simple" />
            <root url="jrt://C:/java/jdk14!/jdk.crypto.cryptoki" type="simple" />
            <root url="jrt://C:/java/jdk14!/jdk.crypto.ec" type="simple" />
            <root url="jrt://C:/java/jdk14!/jdk.crypto.mscapi" type="simple" />
            <root url="jrt://C:/java/jdk14!/jdk.dynalink" type="simple" />
            <root url="jrt://C:/java/jdk14!/jdk.editpad" type="simple" />
            <root url="jrt://C:/java/jdk14!/jdk.hotspot.agent" type="simple" />
            <root url="jrt://C:/java/jdk14!/jdk.httpserver" type="simple" />
            <root url="jrt://C:/java/jdk14!/jdk.incubator.foreign" type="simple" />
            <root url="jrt://C:/java/jdk14!/jdk.incubator.jpackage" type="simple" />
            <root url="jrt://C:/java/jdk14!/jdk.internal.ed" type="simple" />
            <root url="jrt://C:/java/jdk14!/jdk.internal.jvmstat" type="simple" />
            <root url="jrt://C:/java/jdk14!/jdk.internal.le" type="simple" />
            <root url="jrt://C:/java/jdk14!/jdk.internal.opt" type="simple" />
            <root url="jrt://C:/java/jdk14!/jdk.internal.vm.ci" type="simple" />
            <root url="jrt://C:/java/jdk14!/jdk.internal.vm.compiler" type="simple" />
            <root url="jrt://C:/java/jdk14!/jdk.internal.vm.compiler.management" type="simple" />
            <root url="jrt://C:/java/jdk14!/jdk.jartool" type="simple" />
            <root url="jrt://C:/java/jdk14!/jdk.javadoc" type="simple" />
            <root url="jrt://C:/java/jdk14!/jdk.jcmd" type="simple" />
            <root url="jrt://C:/java/jdk14!/jdk.jconsole" type="simple" />
            <root url="jrt://C:/java/jdk14!/jdk.jdeps" type="simple" />
            <root url="jrt://C:/java/jdk14!/jdk.jdi" type="simple" />
            <root url="jrt://C:/java/jdk14!/jdk.jdwp.agent" type="simple" />
            <root url="jrt://C:/java/jdk14!/jdk.jfr" type="simple" />
            <root url="jrt://C:/java/jdk14!/jdk.jlink" type="simple" />
            <root url="jrt://C:/java/jdk14!/jdk.jshell" type="simple" />
            <root url="jrt://C:/java/jdk14!/jdk.jsobject" type="simple" />
            <root url="jrt://C:/java/jdk14!/jdk.jstatd" type="simple" />
            <root url="jrt://C:/java/jdk14!/jdk.localedata" type="simple" />
            <root url="jrt://C:/java/jdk14!/jdk.management" type="simple" />
            <root url="jrt://C:/java/jdk14!/jdk.management.agent" type="simple" />
            <root url="jrt://C:/java/jdk14!/jdk.management.jfr" type="simple" />
            <root url="jrt://C:/java/jdk14!/jdk.naming.dns" type="simple" />
            <root url="jrt://C:/java/jdk14!/jdk.naming.rmi" type="simple" />
            <root url="jrt://C:/java/jdk14!/jdk.net" type="simple" />
            <root url="jrt://C:/java/jdk14!/jdk.nio.mapmode" type="simple" />
            <root url="jrt://C:/java/jdk14!/jdk.rmic" type="simple" />
            <root url="jrt://C:/java/jdk14!/jdk.scripting.nashorn" type="simple" />
            <root url="jrt://C:/java/jdk14!/jdk.scripting.nashorn.shell" type="simple" />
            <root url="jrt://C:/java/jdk14!/jdk.sctp" type="simple" />
            <root url="jrt://C:/java/jdk14!/jdk.security.auth" type="simple" />
            <root url="jrt://C:/java/jdk14!/jdk.security.jgss" type="simple" />
            <root url="jrt://C:/java/jdk14!/jdk.unsupported" type="simple" />
            <root url="jrt://C:/java/jdk14!/jdk.unsupported.desktop" type="simple" />
            <root url="jrt://C:/java/jdk14!/jdk.xml.dom" type="simple" />
            <root url="jrt://C:/java/jdk14!/jdk.zipfs" type="simple" />
          </root>
        </classPath>
        <javadocPath>
          <root type="composite" />
        </javadocPath>
        <sourcePath>
          <root type="composite">
            <root url="jar://C:/java/jdk14/lib/src.zip!/java.se" type="simple" />
            <root url="jar://C:/java/jdk14/lib/src.zip!/jdk.aot" type="simple" />
            <root url="jar://C:/java/jdk14/lib/src.zip!/jdk.jdi" type="simple" />
            <root url="jar://C:/java/jdk14/lib/src.zip!/jdk.jfr" type="simple" />
            <root url="jar://C:/java/jdk14/lib/src.zip!/jdk.net" type="simple" />
            <root url="jar://C:/java/jdk14/lib/src.zip!/java.rmi" type="simple" />
            <root url="jar://C:/java/jdk14/lib/src.zip!/java.sql" type="simple" />
            <root url="jar://C:/java/jdk14/lib/src.zip!/java.xml" type="simple" />
            <root url="jar://C:/java/jdk14/lib/src.zip!/jdk.jcmd" type="simple" />
            <root url="jar://C:/java/jdk14/lib/src.zip!/jdk.rmic" type="simple" />
            <root url="jar://C:/java/jdk14/lib/src.zip!/jdk.sctp" type="simple" />
            <root url="jar://C:/java/jdk14/lib/src.zip!/java.base" type="simple" />
            <root url="jar://C:/java/jdk14/lib/src.zip!/jdk.jdeps" type="simple" />
            <root url="jar://C:/java/jdk14/lib/src.zip!/jdk.jlink" type="simple" />
            <root url="jar://C:/java/jdk14/lib/src.zip!/jdk.zipfs" type="simple" />
            <root url="jar://C:/java/jdk14/lib/src.zip!/java.prefs" type="simple" />
            <root url="jar://C:/java/jdk14/lib/src.zip!/jdk.attach" type="simple" />
            <root url="jar://C:/java/jdk14/lib/src.zip!/jdk.jshell" type="simple" />
            <root url="jar://C:/java/jdk14/lib/src.zip!/jdk.jstatd" type="simple" />
            <root url="jar://C:/java/jdk14/lib/src.zip!/java.naming" type="simple" />
            <root url="jar://C:/java/jdk14/lib/src.zip!/jdk.editpad" type="simple" />
            <root url="jar://C:/java/jdk14/lib/src.zip!/jdk.jartool" type="simple" />
            <root url="jar://C:/java/jdk14/lib/src.zip!/jdk.javadoc" type="simple" />
            <root url="jar://C:/java/jdk14/lib/src.zip!/jdk.xml.dom" type="simple" />
            <root url="jar://C:/java/jdk14/lib/src.zip!/java.desktop" type="simple" />
            <root url="jar://C:/java/jdk14/lib/src.zip!/java.logging" type="simple" />
            <root url="jar://C:/java/jdk14/lib/src.zip!/jdk.charsets" type="simple" />
            <root url="jar://C:/java/jdk14/lib/src.zip!/jdk.compiler" type="simple" />
            <root url="jar://C:/java/jdk14/lib/src.zip!/jdk.dynalink" type="simple" />
            <root url="jar://C:/java/jdk14/lib/src.zip!/jdk.jconsole" type="simple" />
            <root url="jar://C:/java/jdk14/lib/src.zip!/jdk.jsobject" type="simple" />
            <root url="jar://C:/java/jdk14/lib/src.zip!/java.compiler" type="simple" />
            <root url="jar://C:/java/jdk14/lib/src.zip!/java.net.http" type="simple" />
            <root url="jar://C:/java/jdk14/lib/src.zip!/jdk.crypto.ec" type="simple" />
            <root url="jar://C:/java/jdk14/lib/src.zip!/java.scripting" type="simple" />
            <root url="jar://C:/java/jdk14/lib/src.zip!/jdk.httpserver" type="simple" />
            <root url="jar://C:/java/jdk14/lib/src.zip!/jdk.jdwp.agent" type="simple" />
            <root url="jar://C:/java/jdk14/lib/src.zip!/jdk.localedata" type="simple" />
            <root url="jar://C:/java/jdk14/lib/src.zip!/jdk.management" type="simple" />
            <root url="jar://C:/java/jdk14/lib/src.zip!/jdk.naming.dns" type="simple" />
            <root url="jar://C:/java/jdk14/lib/src.zip!/jdk.naming.rmi" type="simple" />
            <root url="jar://C:/java/jdk14/lib/src.zip!/java.instrument" type="simple" />
            <root url="jar://C:/java/jdk14/lib/src.zip!/java.management" type="simple" />
            <root url="jar://C:/java/jdk14/lib/src.zip!/java.sql.rowset" type="simple" />
            <root url="jar://C:/java/jdk14/lib/src.zip!/java.xml.crypto" type="simple" />
            <root url="jar://C:/java/jdk14/lib/src.zip!/jdk.internal.ed" type="simple" />
            <root url="jar://C:/java/jdk14/lib/src.zip!/jdk.internal.le" type="simple" />
            <root url="jar://C:/java/jdk14/lib/src.zip!/jdk.nio.mapmode" type="simple" />
            <root url="jar://C:/java/jdk14/lib/src.zip!/jdk.unsupported" type="simple" />
            <root url="jar://C:/java/jdk14/lib/src.zip!/java.smartcardio" type="simple" />
            <root url="jar://C:/java/jdk14/lib/src.zip!/jdk.internal.opt" type="simple" />
            <root url="jar://C:/java/jdk14/lib/src.zip!/java.datatransfer" type="simple" />
            <root url="jar://C:/java/jdk14/lib/src.zip!/jdk.accessibility" type="simple" />
            <root url="jar://C:/java/jdk14/lib/src.zip!/jdk.crypto.mscapi" type="simple" />
            <root url="jar://C:/java/jdk14/lib/src.zip!/jdk.hotspot.agent" type="simple" />
            <root url="jar://C:/java/jdk14/lib/src.zip!/jdk.security.auth" type="simple" />
            <root url="jar://C:/java/jdk14/lib/src.zip!/jdk.security.jgss" type="simple" />
            <root url="jar://C:/java/jdk14/lib/src.zip!/java.security.jgss" type="simple" />
            <root url="jar://C:/java/jdk14/lib/src.zip!/java.security.sasl" type="simple" />
            <root url="jar://C:/java/jdk14/lib/src.zip!/jdk.internal.vm.ci" type="simple" />
            <root url="jar://C:/java/jdk14/lib/src.zip!/jdk.management.jfr" type="simple" />
            <root url="jar://C:/java/jdk14/lib/src.zip!/java.management.rmi" type="simple" />
            <root url="jar://C:/java/jdk14/lib/src.zip!/java.transaction.xa" type="simple" />
            <root url="jar://C:/java/jdk14/lib/src.zip!/jdk.crypto.cryptoki" type="simple" />
            <root url="jar://C:/java/jdk14/lib/src.zip!/jdk.internal.jvmstat" type="simple" />
            <root url="jar://C:/java/jdk14/lib/src.zip!/jdk.management.agent" type="simple" />
            <root url="jar://C:/java/jdk14/lib/src.zip!/jdk.incubator.foreign" type="simple" />
            <root url="jar://C:/java/jdk14/lib/src.zip!/jdk.scripting.nashorn" type="simple" />
            <root url="jar://C:/java/jdk14/lib/src.zip!/jdk.incubator.jpackage" type="simple" />
            <root url="jar://C:/java/jdk14/lib/src.zip!/jdk.unsupported.desktop" type="simple" />
            <root url="jar://C:/java/jdk14/lib/src.zip!/jdk.internal.vm.compiler" type="simple" />
            <root url="jar://C:/java/jdk14/lib/src.zip!/jdk.scripting.nashorn.shell" type="simple" />
            <root url="jar://C:/java/jdk14/lib/src.zip!/jdk.internal.vm.compiler.management" type="simple" />
          </root>
        </sourcePath>
      </roots>
      <additional />
    </jdk>
    <jdk version="2">
      <name value="14 (3)" />
      <type value="JavaSDK" />
      <version value="version 14.0.2" />
      <homePath value="C:/java/jdk14" />
      <roots>
        <annotationsPath>
          <root type="composite">
            <root url="jar://$APPLICATION_HOME_DIR$/plugins/java/lib/jdkAnnotations.jar!/" type="simple" />
          </root>
        </annotationsPath>
        <classPath>
          <root type="composite">
            <root url="jrt://C:/java/jdk14!/java.base" type="simple" />
            <root url="jrt://C:/java/jdk14!/java.compiler" type="simple" />
            <root url="jrt://C:/java/jdk14!/java.datatransfer" type="simple" />
            <root url="jrt://C:/java/jdk14!/java.desktop" type="simple" />
            <root url="jrt://C:/java/jdk14!/java.instrument" type="simple" />
            <root url="jrt://C:/java/jdk14!/java.logging" type="simple" />
            <root url="jrt://C:/java/jdk14!/java.management" type="simple" />
            <root url="jrt://C:/java/jdk14!/java.management.rmi" type="simple" />
            <root url="jrt://C:/java/jdk14!/java.naming" type="simple" />
            <root url="jrt://C:/java/jdk14!/java.net.http" type="simple" />
            <root url="jrt://C:/java/jdk14!/java.prefs" type="simple" />
            <root url="jrt://C:/java/jdk14!/java.rmi" type="simple" />
            <root url="jrt://C:/java/jdk14!/java.scripting" type="simple" />
            <root url="jrt://C:/java/jdk14!/java.se" type="simple" />
            <root url="jrt://C:/java/jdk14!/java.security.jgss" type="simple" />
            <root url="jrt://C:/java/jdk14!/java.security.sasl" type="simple" />
            <root url="jrt://C:/java/jdk14!/java.smartcardio" type="simple" />
            <root url="jrt://C:/java/jdk14!/java.sql" type="simple" />
            <root url="jrt://C:/java/jdk14!/java.sql.rowset" type="simple" />
            <root url="jrt://C:/java/jdk14!/java.transaction.xa" type="simple" />
            <root url="jrt://C:/java/jdk14!/java.xml" type="simple" />
            <root url="jrt://C:/java/jdk14!/java.xml.crypto" type="simple" />
            <root url="jrt://C:/java/jdk14!/jdk.accessibility" type="simple" />
            <root url="jrt://C:/java/jdk14!/jdk.aot" type="simple" />
            <root url="jrt://C:/java/jdk14!/jdk.attach" type="simple" />
            <root url="jrt://C:/java/jdk14!/jdk.charsets" type="simple" />
            <root url="jrt://C:/java/jdk14!/jdk.compiler" type="simple" />
            <root url="jrt://C:/java/jdk14!/jdk.crypto.cryptoki" type="simple" />
            <root url="jrt://C:/java/jdk14!/jdk.crypto.ec" type="simple" />
            <root url="jrt://C:/java/jdk14!/jdk.crypto.mscapi" type="simple" />
            <root url="jrt://C:/java/jdk14!/jdk.dynalink" type="simple" />
            <root url="jrt://C:/java/jdk14!/jdk.editpad" type="simple" />
            <root url="jrt://C:/java/jdk14!/jdk.hotspot.agent" type="simple" />
            <root url="jrt://C:/java/jdk14!/jdk.httpserver" type="simple" />
            <root url="jrt://C:/java/jdk14!/jdk.incubator.foreign" type="simple" />
            <root url="jrt://C:/java/jdk14!/jdk.incubator.jpackage" type="simple" />
            <root url="jrt://C:/java/jdk14!/jdk.internal.ed" type="simple" />
            <root url="jrt://C:/java/jdk14!/jdk.internal.jvmstat" type="simple" />
            <root url="jrt://C:/java/jdk14!/jdk.internal.le" type="simple" />
            <root url="jrt://C:/java/jdk14!/jdk.internal.opt" type="simple" />
            <root url="jrt://C:/java/jdk14!/jdk.internal.vm.ci" type="simple" />
            <root url="jrt://C:/java/jdk14!/jdk.internal.vm.compiler" type="simple" />
            <root url="jrt://C:/java/jdk14!/jdk.internal.vm.compiler.management" type="simple" />
            <root url="jrt://C:/java/jdk14!/jdk.jartool" type="simple" />
            <root url="jrt://C:/java/jdk14!/jdk.javadoc" type="simple" />
            <root url="jrt://C:/java/jdk14!/jdk.jcmd" type="simple" />
            <root url="jrt://C:/java/jdk14!/jdk.jconsole" type="simple" />
            <root url="jrt://C:/java/jdk14!/jdk.jdeps" type="simple" />
            <root url="jrt://C:/java/jdk14!/jdk.jdi" type="simple" />
            <root url="jrt://C:/java/jdk14!/jdk.jdwp.agent" type="simple" />
            <root url="jrt://C:/java/jdk14!/jdk.jfr" type="simple" />
            <root url="jrt://C:/java/jdk14!/jdk.jlink" type="simple" />
            <root url="jrt://C:/java/jdk14!/jdk.jshell" type="simple" />
            <root url="jrt://C:/java/jdk14!/jdk.jsobject" type="simple" />
            <root url="jrt://C:/java/jdk14!/jdk.jstatd" type="simple" />
            <root url="jrt://C:/java/jdk14!/jdk.localedata" type="simple" />
            <root url="jrt://C:/java/jdk14!/jdk.management" type="simple" />
            <root url="jrt://C:/java/jdk14!/jdk.management.agent" type="simple" />
            <root url="jrt://C:/java/jdk14!/jdk.management.jfr" type="simple" />
            <root url="jrt://C:/java/jdk14!/jdk.naming.dns" type="simple" />
            <root url="jrt://C:/java/jdk14!/jdk.naming.rmi" type="simple" />
            <root url="jrt://C:/java/jdk14!/jdk.net" type="simple" />
            <root url="jrt://C:/java/jdk14!/jdk.nio.mapmode" type="simple" />
            <root url="jrt://C:/java/jdk14!/jdk.rmic" type="simple" />
            <root url="jrt://C:/java/jdk14!/jdk.scripting.nashorn" type="simple" />
            <root url="jrt://C:/java/jdk14!/jdk.scripting.nashorn.shell" type="simple" />
            <root url="jrt://C:/java/jdk14!/jdk.sctp" type="simple" />
            <root url="jrt://C:/java/jdk14!/jdk.security.auth" type="simple" />
            <root url="jrt://C:/java/jdk14!/jdk.security.jgss" type="simple" />
            <root url="jrt://C:/java/jdk14!/jdk.unsupported" type="simple" />
            <root url="jrt://C:/java/jdk14!/jdk.unsupported.desktop" type="simple" />
            <root url="jrt://C:/java/jdk14!/jdk.xml.dom" type="simple" />
            <root url="jrt://C:/java/jdk14!/jdk.zipfs" type="simple" />
          </root>
        </classPath>
        <javadocPath>
          <root type="composite" />
        </javadocPath>
        <sourcePath>
          <root type="composite">
            <root url="jar://C:/java/jdk14/lib/src.zip!/java.se" type="simple" />
            <root url="jar://C:/java/jdk14/lib/src.zip!/jdk.aot" type="simple" />
            <root url="jar://C:/java/jdk14/lib/src.zip!/jdk.jdi" type="simple" />
            <root url="jar://C:/java/jdk14/lib/src.zip!/jdk.jfr" type="simple" />
            <root url="jar://C:/java/jdk14/lib/src.zip!/jdk.net" type="simple" />
            <root url="jar://C:/java/jdk14/lib/src.zip!/java.rmi" type="simple" />
            <root url="jar://C:/java/jdk14/lib/src.zip!/java.sql" type="simple" />
            <root url="jar://C:/java/jdk14/lib/src.zip!/java.xml" type="simple" />
            <root url="jar://C:/java/jdk14/lib/src.zip!/jdk.jcmd" type="simple" />
            <root url="jar://C:/java/jdk14/lib/src.zip!/jdk.rmic" type="simple" />
            <root url="jar://C:/java/jdk14/lib/src.zip!/jdk.sctp" type="simple" />
            <root url="jar://C:/java/jdk14/lib/src.zip!/java.base" type="simple" />
            <root url="jar://C:/java/jdk14/lib/src.zip!/jdk.jdeps" type="simple" />
            <root url="jar://C:/java/jdk14/lib/src.zip!/jdk.jlink" type="simple" />
            <root url="jar://C:/java/jdk14/lib/src.zip!/jdk.zipfs" type="simple" />
            <root url="jar://C:/java/jdk14/lib/src.zip!/java.prefs" type="simple" />
            <root url="jar://C:/java/jdk14/lib/src.zip!/jdk.attach" type="simple" />
            <root url="jar://C:/java/jdk14/lib/src.zip!/jdk.jshell" type="simple" />
            <root url="jar://C:/java/jdk14/lib/src.zip!/jdk.jstatd" type="simple" />
            <root url="jar://C:/java/jdk14/lib/src.zip!/java.naming" type="simple" />
            <root url="jar://C:/java/jdk14/lib/src.zip!/jdk.editpad" type="simple" />
            <root url="jar://C:/java/jdk14/lib/src.zip!/jdk.jartool" type="simple" />
            <root url="jar://C:/java/jdk14/lib/src.zip!/jdk.javadoc" type="simple" />
            <root url="jar://C:/java/jdk14/lib/src.zip!/jdk.xml.dom" type="simple" />
            <root url="jar://C:/java/jdk14/lib/src.zip!/java.desktop" type="simple" />
            <root url="jar://C:/java/jdk14/lib/src.zip!/java.logging" type="simple" />
            <root url="jar://C:/java/jdk14/lib/src.zip!/jdk.charsets" type="simple" />
            <root url="jar://C:/java/jdk14/lib/src.zip!/jdk.compiler" type="simple" />
            <root url="jar://C:/java/jdk14/lib/src.zip!/jdk.dynalink" type="simple" />
            <root url="jar://C:/java/jdk14/lib/src.zip!/jdk.jconsole" type="simple" />
            <root url="jar://C:/java/jdk14/lib/src.zip!/jdk.jsobject" type="simple" />
            <root url="jar://C:/java/jdk14/lib/src.zip!/java.compiler" type="simple" />
            <root url="jar://C:/java/jdk14/lib/src.zip!/java.net.http" type="simple" />
            <root url="jar://C:/java/jdk14/lib/src.zip!/jdk.crypto.ec" type="simple" />
            <root url="jar://C:/java/jdk14/lib/src.zip!/java.scripting" type="simple" />
            <root url="jar://C:/java/jdk14/lib/src.zip!/jdk.httpserver" type="simple" />
            <root url="jar://C:/java/jdk14/lib/src.zip!/jdk.jdwp.agent" type="simple" />
            <root url="jar://C:/java/jdk14/lib/src.zip!/jdk.localedata" type="simple" />
            <root url="jar://C:/java/jdk14/lib/src.zip!/jdk.management" type="simple" />
            <root url="jar://C:/java/jdk14/lib/src.zip!/jdk.naming.dns" type="simple" />
            <root url="jar://C:/java/jdk14/lib/src.zip!/jdk.naming.rmi" type="simple" />
            <root url="jar://C:/java/jdk14/lib/src.zip!/java.instrument" type="simple" />
            <root url="jar://C:/java/jdk14/lib/src.zip!/java.management" type="simple" />
            <root url="jar://C:/java/jdk14/lib/src.zip!/java.sql.rowset" type="simple" />
            <root url="jar://C:/java/jdk14/lib/src.zip!/java.xml.crypto" type="simple" />
            <root url="jar://C:/java/jdk14/lib/src.zip!/jdk.internal.ed" type="simple" />
            <root url="jar://C:/java/jdk14/lib/src.zip!/jdk.internal.le" type="simple" />
            <root url="jar://C:/java/jdk14/lib/src.zip!/jdk.nio.mapmode" type="simple" />
            <root url="jar://C:/java/jdk14/lib/src.zip!/jdk.unsupported" type="simple" />
            <root url="jar://C:/java/jdk14/lib/src.zip!/java.smartcardio" type="simple" />
            <root url="jar://C:/java/jdk14/lib/src.zip!/jdk.internal.opt" type="simple" />
            <root url="jar://C:/java/jdk14/lib/src.zip!/java.datatransfer" type="simple" />
            <root url="jar://C:/java/jdk14/lib/src.zip!/jdk.accessibility" type="simple" />
            <root url="jar://C:/java/jdk14/lib/src.zip!/jdk.crypto.mscapi" type="simple" />
            <root url="jar://C:/java/jdk14/lib/src.zip!/jdk.hotspot.agent" type="simple" />
            <root url="jar://C:/java/jdk14/lib/src.zip!/jdk.security.auth" type="simple" />
            <root url="jar://C:/java/jdk14/lib/src.zip!/jdk.security.jgss" type="simple" />
            <root url="jar://C:/java/jdk14/lib/src.zip!/java.security.jgss" type="simple" />
            <root url="jar://C:/java/jdk14/lib/src.zip!/java.security.sasl" type="simple" />
            <root url="jar://C:/java/jdk14/lib/src.zip!/jdk.internal.vm.ci" type="simple" />
            <root url="jar://C:/java/jdk14/lib/src.zip!/jdk.management.jfr" type="simple" />
            <root url="jar://C:/java/jdk14/lib/src.zip!/java.management.rmi" type="simple" />
            <root url="jar://C:/java/jdk14/lib/src.zip!/java.transaction.xa" type="simple" />
            <root url="jar://C:/java/jdk14/lib/src.zip!/jdk.crypto.cryptoki" type="simple" />
            <root url="jar://C:/java/jdk14/lib/src.zip!/jdk.internal.jvmstat" type="simple" />
            <root url="jar://C:/java/jdk14/lib/src.zip!/jdk.management.agent" type="simple" />
            <root url="jar://C:/java/jdk14/lib/src.zip!/jdk.incubator.foreign" type="simple" />
            <root url="jar://C:/java/jdk14/lib/src.zip!/jdk.scripting.nashorn" type="simple" />
            <root url="jar://C:/java/jdk14/lib/src.zip!/jdk.incubator.jpackage" type="simple" />
            <root url="jar://C:/java/jdk14/lib/src.zip!/jdk.unsupported.desktop" type="simple" />
            <root url="jar://C:/java/jdk14/lib/src.zip!/jdk.internal.vm.compiler" type="simple" />
            <root url="jar://C:/java/jdk14/lib/src.zip!/jdk.scripting.nashorn.shell" type="simple" />
            <root url="jar://C:/java/jdk14/lib/src.zip!/jdk.internal.vm.compiler.management" type="simple" />
          </root>
        </sourcePath>
      </roots>
      <additional />
    </jdk>
    <jdk version="2">
      <name value="11" />
      <type value="JavaSDK" />
      <version value="version 11.0.9" />
      <homePath value="$APPLICATION_HOME_DIR$/jbr" />
      <roots>
        <annotationsPath>
          <root type="composite">
            <root url="jar://$APPLICATION_HOME_DIR$/plugins/java/lib/jdkAnnotations.jar!/" type="simple" />
          </root>
        </annotationsPath>
        <classPath>
          <root type="composite">
            <root url="jrt://C:/Pro/JetBrains/IntelliJ IDEA 2020.3.1/jbr!/gluegen.rt" type="simple" />
            <root url="jrt://C:/Pro/JetBrains/IntelliJ IDEA 2020.3.1/jbr!/java.base" type="simple" />
            <root url="jrt://C:/Pro/JetBrains/IntelliJ IDEA 2020.3.1/jbr!/java.compiler" type="simple" />
            <root url="jrt://C:/Pro/JetBrains/IntelliJ IDEA 2020.3.1/jbr!/java.datatransfer" type="simple" />
            <root url="jrt://C:/Pro/JetBrains/IntelliJ IDEA 2020.3.1/jbr!/java.desktop" type="simple" />
            <root url="jrt://C:/Pro/JetBrains/IntelliJ IDEA 2020.3.1/jbr!/java.instrument" type="simple" />
            <root url="jrt://C:/Pro/JetBrains/IntelliJ IDEA 2020.3.1/jbr!/java.logging" type="simple" />
            <root url="jrt://C:/Pro/JetBrains/IntelliJ IDEA 2020.3.1/jbr!/java.management" type="simple" />
            <root url="jrt://C:/Pro/JetBrains/IntelliJ IDEA 2020.3.1/jbr!/java.management.rmi" type="simple" />
            <root url="jrt://C:/Pro/JetBrains/IntelliJ IDEA 2020.3.1/jbr!/java.naming" type="simple" />
            <root url="jrt://C:/Pro/JetBrains/IntelliJ IDEA 2020.3.1/jbr!/java.net.http" type="simple" />
            <root url="jrt://C:/Pro/JetBrains/IntelliJ IDEA 2020.3.1/jbr!/java.prefs" type="simple" />
            <root url="jrt://C:/Pro/JetBrains/IntelliJ IDEA 2020.3.1/jbr!/java.rmi" type="simple" />
            <root url="jrt://C:/Pro/JetBrains/IntelliJ IDEA 2020.3.1/jbr!/java.scripting" type="simple" />
            <root url="jrt://C:/Pro/JetBrains/IntelliJ IDEA 2020.3.1/jbr!/java.se" type="simple" />
            <root url="jrt://C:/Pro/JetBrains/IntelliJ IDEA 2020.3.1/jbr!/java.security.jgss" type="simple" />
            <root url="jrt://C:/Pro/JetBrains/IntelliJ IDEA 2020.3.1/jbr!/java.security.sasl" type="simple" />
            <root url="jrt://C:/Pro/JetBrains/IntelliJ IDEA 2020.3.1/jbr!/java.smartcardio" type="simple" />
            <root url="jrt://C:/Pro/JetBrains/IntelliJ IDEA 2020.3.1/jbr!/java.sql" type="simple" />
            <root url="jrt://C:/Pro/JetBrains/IntelliJ IDEA 2020.3.1/jbr!/java.sql.rowset" type="simple" />
            <root url="jrt://C:/Pro/JetBrains/IntelliJ IDEA 2020.3.1/jbr!/java.transaction.xa" type="simple" />
            <root url="jrt://C:/Pro/JetBrains/IntelliJ IDEA 2020.3.1/jbr!/java.xml" type="simple" />
            <root url="jrt://C:/Pro/JetBrains/IntelliJ IDEA 2020.3.1/jbr!/java.xml.crypto" type="simple" />
            <root url="jrt://C:/Pro/JetBrains/IntelliJ IDEA 2020.3.1/jbr!/jcef" type="simple" />
            <root url="jrt://C:/Pro/JetBrains/IntelliJ IDEA 2020.3.1/jbr!/jdk.accessibility" type="simple" />
            <root url="jrt://C:/Pro/JetBrains/IntelliJ IDEA 2020.3.1/jbr!/jdk.aot" type="simple" />
            <root url="jrt://C:/Pro/JetBrains/IntelliJ IDEA 2020.3.1/jbr!/jdk.attach" type="simple" />
            <root url="jrt://C:/Pro/JetBrains/IntelliJ IDEA 2020.3.1/jbr!/jdk.charsets" type="simple" />
            <root url="jrt://C:/Pro/JetBrains/IntelliJ IDEA 2020.3.1/jbr!/jdk.compiler" type="simple" />
            <root url="jrt://C:/Pro/JetBrains/IntelliJ IDEA 2020.3.1/jbr!/jdk.crypto.cryptoki" type="simple" />
            <root url="jrt://C:/Pro/JetBrains/IntelliJ IDEA 2020.3.1/jbr!/jdk.crypto.ec" type="simple" />
            <root url="jrt://C:/Pro/JetBrains/IntelliJ IDEA 2020.3.1/jbr!/jdk.dynalink" type="simple" />
            <root url="jrt://C:/Pro/JetBrains/IntelliJ IDEA 2020.3.1/jbr!/jdk.hotspot.agent" type="simple" />
            <root url="jrt://C:/Pro/JetBrains/IntelliJ IDEA 2020.3.1/jbr!/jdk.httpserver" type="simple" />
            <root url="jrt://C:/Pro/JetBrains/IntelliJ IDEA 2020.3.1/jbr!/jdk.internal.ed" type="simple" />
            <root url="jrt://C:/Pro/JetBrains/IntelliJ IDEA 2020.3.1/jbr!/jdk.internal.jvmstat" type="simple" />
            <root url="jrt://C:/Pro/JetBrains/IntelliJ IDEA 2020.3.1/jbr!/jdk.internal.le" type="simple" />
            <root url="jrt://C:/Pro/JetBrains/IntelliJ IDEA 2020.3.1/jbr!/jdk.internal.vm.ci" type="simple" />
            <root url="jrt://C:/Pro/JetBrains/IntelliJ IDEA 2020.3.1/jbr!/jdk.internal.vm.compiler" type="simple" />
            <root url="jrt://C:/Pro/JetBrains/IntelliJ IDEA 2020.3.1/jbr!/jdk.internal.vm.compiler.management" type="simple" />
            <root url="jrt://C:/Pro/JetBrains/IntelliJ IDEA 2020.3.1/jbr!/jdk.jdi" type="simple" />
            <root url="jrt://C:/Pro/JetBrains/IntelliJ IDEA 2020.3.1/jbr!/jdk.jdwp.agent" type="simple" />
            <root url="jrt://C:/Pro/JetBrains/IntelliJ IDEA 2020.3.1/jbr!/jdk.jfr" type="simple" />
            <root url="jrt://C:/Pro/JetBrains/IntelliJ IDEA 2020.3.1/jbr!/jdk.jsobject" type="simple" />
            <root url="jrt://C:/Pro/JetBrains/IntelliJ IDEA 2020.3.1/jbr!/jdk.localedata" type="simple" />
            <root url="jrt://C:/Pro/JetBrains/IntelliJ IDEA 2020.3.1/jbr!/jdk.management" type="simple" />
            <root url="jrt://C:/Pro/JetBrains/IntelliJ IDEA 2020.3.1/jbr!/jdk.management.agent" type="simple" />
            <root url="jrt://C:/Pro/JetBrains/IntelliJ IDEA 2020.3.1/jbr!/jdk.management.jfr" type="simple" />
            <root url="jrt://C:/Pro/JetBrains/IntelliJ IDEA 2020.3.1/jbr!/jdk.naming.dns" type="simple" />
            <root url="jrt://C:/Pro/JetBrains/IntelliJ IDEA 2020.3.1/jbr!/jdk.naming.rmi" type="simple" />
            <root url="jrt://C:/Pro/JetBrains/IntelliJ IDEA 2020.3.1/jbr!/jdk.net" type="simple" />
            <root url="jrt://C:/Pro/JetBrains/IntelliJ IDEA 2020.3.1/jbr!/jdk.pack" type="simple" />
            <root url="jrt://C:/Pro/JetBrains/IntelliJ IDEA 2020.3.1/jbr!/jdk.scripting.nashorn" type="simple" />
            <root url="jrt://C:/Pro/JetBrains/IntelliJ IDEA 2020.3.1/jbr!/jdk.scripting.nashorn.shell" type="simple" />
            <root url="jrt://C:/Pro/JetBrains/IntelliJ IDEA 2020.3.1/jbr!/jdk.sctp" type="simple" />
            <root url="jrt://C:/Pro/JetBrains/IntelliJ IDEA 2020.3.1/jbr!/jdk.security.auth" type="simple" />
            <root url="jrt://C:/Pro/JetBrains/IntelliJ IDEA 2020.3.1/jbr!/jdk.security.jgss" type="simple" />
            <root url="jrt://C:/Pro/JetBrains/IntelliJ IDEA 2020.3.1/jbr!/jdk.unsupported" type="simple" />
            <root url="jrt://C:/Pro/JetBrains/IntelliJ IDEA 2020.3.1/jbr!/jdk.xml.dom" type="simple" />
            <root url="jrt://C:/Pro/JetBrains/IntelliJ IDEA 2020.3.1/jbr!/jdk.zipfs" type="simple" />
            <root url="jrt://C:/Pro/JetBrains/IntelliJ IDEA 2020.3.1/jbr!/jogl.all" type="simple" />
          </root>
        </classPath>
        <javadocPath>
          <root type="composite">
            <root url="https://docs.oracle.com/en/java/javase/11/docs/api/" type="simple" />
          </root>
        </javadocPath>
        <sourcePath>
          <root type="composite" />
        </sourcePath>
      </roots>
      <additional />
    </jdk>
    <jdk version="2">
      <name value="Android API 30 Platform" />
      <type value="Android SDK" />
      <version value="version 11.0.9" />
      <homePath value="C:/android/sdk" />
      <roots>
        <annotationsPath>
          <root type="composite">
            <root url="jar://C:/android/sdk/platforms/android-30/data/annotations.zip!/" type="simple" />
          </root>
        </annotationsPath>
        <classPath>
          <root type="composite">
            <root url="jar://C:/android/sdk/platforms/android-30/android.jar!/" type="simple" />
            <root url="file://C:/android/sdk/platforms/android-30/data/res" type="simple" />
          </root>
        </classPath>
        <javadocPath>
          <root type="composite" />
        </javadocPath>
        <sourcePath>
          <root type="composite">
            <root url="file://C:/android/sdk/sources/android-30" type="simple" />
          </root>
        </sourcePath>
      </roots>
      <additional jdk="11" sdk="android-30" />
    </jdk>
  </component>
</application>